<?xml version="1.0" encoding="UTF-8" ?>
<document>
<!--The data in this file is primarily intended for consumption by Xilinx tools.
The structure and the elements are likely to change over the next few releases.
This means code written to parse this file will need to be revisited each subsequent release.-->
<application name="pn" timeStamp="Wed Aug 08 13:46:14 2018">
<section name="Project Information" visible="false">
<property name="ProjectID" value="A6836F12D8E9404A80501414B3A834B4" type="project"/>
<property name="ProjectIteration" value="0" type="project"/>
<property name="ProjectFile" value="C:/Users/Bryce/Dropbox/University/Year 5/Semester 2/Electronic System Design/20170811 Workshop 3 - Project Introduction/Base Code/ESD_CPLD_2014 FINAL/ESD_CPLD_2014.xise" type="project"/>
<property name="ProjectCreationTimestamp" value="2014-08-04T18:43:57" type="project"/>
</section>
<section name="Project Statistics" visible="true">
<property name="PROP_Enable_Message_Filtering" value="false" type="design"/>
<property name="PROP_FitterReportFormat" value="HTML" type="process"/>
<property name="PROP_ImpactProjectFile" value="changed" type="process"/>
<property name="PROP_LastAppliedGoal" value="Speed" type="design"/>
<property name="PROP_LastAppliedStrategy" value="Xilinx Default (unlocked)(bryce);C:/Xilinx/14.7/ISE_DS/ISE/data/Xilinx Default (unlocked)(bryce).xds" type="design"/>
<property name="PROP_ManualCompileOrderImp" value="false" type="design"/>
<property name="PROP_PropSpecInProjFile" value="Store all values" type="design"/>
<property name="PROP_Simulator" value="ISim (VHDL/Verilog)" type="design"/>
<property name="PROP_SynthOptEffort" value="High" type="process"/>
<property name="PROP_SynthTopFile" value="changed" type="process"/>
<property name="PROP_Top_Level_Module_Type" value="Schematic" type="design"/>
<property name="PROP_UseSmartGuide" value="false" type="design"/>
<property name="PROP_UserBrowsedStrategyFiles" value="C:/Xilinx/14.7/ISE_DS/ISE/data/default.xds" type="process"/>
<property name="PROP_UserConstraintEditorPreference" value="Text Editor" type="process"/>
<property name="PROP_intProjectCreationTimestamp" value="2014-08-04T18:43:57" type="design"/>
<property name="PROP_intWbtProjectID" value="A6836F12D8E9404A80501414B3A834B4" type="design"/>
<property name="PROP_intWorkingDirLocWRTProjDir" value="Same" type="design"/>
<property name="PROP_intWorkingDirUsed" value="No" type="design"/>
<property name="PROP_lockPinsUcfFile" value="changed" type="process"/>
<property name="PROP_xcpldFitDesCreateGnd" value="true" type="process"/>
<property name="PROP_xilxSynthMaxFanout" value="100000" type="process"/>
<property name="PROP_AutoTop" value="true" type="design"/>
<property name="PROP_DevFamily" value="XC9500XL CPLDs" type="design"/>
<property name="PROP_xstSafeImplement" value="Yes" type="process"/>
<property name="PROP_DevDevice" value="xc9536xl" type="design"/>
<property name="PROP_DevFamilyPMName" value="xc9500xl" type="design"/>
<property name="PROP_DevPackage" value="VQ44" type="design"/>
<property name="PROP_Synthesis_Tool" value="XST (VHDL/Verilog)" type="design"/>
<property name="PROP_DevSpeed" value="-10" type="design"/>
<property name="PROP_PreferredLanguage" value="VHDL" type="design"/>
<property name="FILE_SCHEMATIC" value="1" type="source"/>
<property name="FILE_UCF" value="1" type="source"/>
</section>
</application>
</document>
